{
    "CLIP": {
        "car_models": {
            "mPrecision@1": 0.7959183673469388,
            "mPrecision@5": 0.7765306122448979,
            "mPrecision@10": 0.7551020408163265,
            "mPrecision@24": 0.7089710884353742,
            "mPrecision@42": 0.6273080660835763,
            "mAP@1": 0.7959183673469388,
            "mAP@5": 0.8553429705215418,
            "mAP@10": 0.8268307194854511,
            "mAP@24": 0.7891665291891654,
            "mAP@42": 0.7534382233143928,
            "mRecall@42": 0.6369720728007247,
            "mRecall@68": 0.7883485619628401
        },
        "car_brands": {
            "mPrecision@1": 0.9693877551020408,
            "mPrecision@5": 0.9714285714285714,
            "mPrecision@10": 0.9642857142857143,
            "mPrecision@29": 0.9405348346235045,
            "mPrecision@68": 0.8389105642256903,
            "mAP@1": 0.9693877551020408,
            "mAP@5": 0.9849348072562358,
            "mAP@10": 0.9777827822833592,
            "mAP@29": 0.9668772475819665,
            "mAP@68": 0.9431650867238106
        }
    },
    "SigLIP": {
        "car_models": {
            "mPrecision@1": 0.8163265306122449,
            "mPrecision@5": 0.8061224489795918,
            "mPrecision@10": 0.775,
            "mPrecision@24": 0.7242772108843538,
            "mPrecision@42": 0.6370262390670555,
            "mAP@1": 0.8163265306122449,
            "mAP@5": 0.856937358276644,
            "mAP@10": 0.8405082067785542,
            "mAP@24": 0.8031553559622461,
            "mAP@42": 0.772149501053213,
            "mRecall@42": 0.647578371145225,
            "mRecall@68": 0.769609252861596
        },
        "car_brands": {
            "mPrecision@1": 0.9795918367346939,
            "mPrecision@5": 0.9806122448979592,
            "mPrecision@10": 0.9719387755102041,
            "mPrecision@29": 0.9463406052076002,
            "mPrecision@68": 0.8769507803121248,
            "mAP@1": 0.9795918367346939,
            "mAP@5": 0.9863803854875283,
            "mAP@10": 0.9862513079683876,
            "mAP@29": 0.9704784747352145,
            "mAP@68": 0.9519918691093097
        }
    },
    "ALIGN": {
        "car_models": {
            "mPrecision@1": 0.7704081632653061,
            "mPrecision@5": 0.7428571428571429,
            "mPrecision@10": 0.7280612244897958,
            "mPrecision@24": 0.6645408163265306,
            "mPrecision@42": 0.5798104956268222,
            "mAP@1": 0.7704081632653061,
            "mAP@5": 0.8193806689342403,
            "mAP@10": 0.7977951019315511,
            "mAP@24": 0.7544635990214392,
            "mAP@42": 0.7168066544972245,
            "mRecall@42": 0.5873615776453025,
            "mRecall@68": 0.7362489311486844
        },
        "car_brands": {
            "mPrecision@1": 0.9744897959183674,
            "mPrecision@5": 0.9693877551020408,
            "mPrecision@10": 0.9622448979591837,
            "mPrecision@29": 0.9313863476425054,
            "mPrecision@68": 0.8326830732292918,
            "mAP@1": 0.9744897959183674,
            "mAP@5": 0.9770691609977324,
            "mAP@10": 0.974456759272114,
            "mAP@29": 0.9600155675211228,
            "mAP@68": 0.9330850579826229
        }
    },
    "BLIP": {
        "car_models": {
            "mPrecision@1": 0.6836734693877551,
            "mPrecision@5": 0.696938775510204,
            "mPrecision@10": 0.6612244897959183,
            "mPrecision@24": 0.5756802721088435,
            "mPrecision@42": 0.47655490767735664,
            "mAP@1": 0.6836734693877551,
            "mAP@5": 0.7772746598639456,
            "mAP@10": 0.7519726605683846,
            "mAP@24": 0.6965892018636523,
            "mAP@42": 0.6522117878543693,
            "mRecall@42": 0.4840601451799513,
            "mRecall@68": 0.6199121562210574
        },
        "car_brands": {
            "mPrecision@1": 0.9693877551020408,
            "mPrecision@5": 0.9438775510204082,
            "mPrecision@10": 0.9224489795918368,
            "mPrecision@29": 0.8601337086558761,
            "mPrecision@68": 0.7444477791116446,
            "mAP@1": 0.9693877551020408,
            "mAP@5": 0.9707624716553288,
            "mAP@10": 0.9578641374350193,
            "mAP@29": 0.9244934394414112,
            "mAP@68": 0.8775057247864404
        }
    }
}