{
    "CLIP": {
        "car_models": {
            "mPrecision@1": 0.7959183673469388,
            "mPrecision@5": 0.7765306122448979,
            "mPrecision@10": 0.7551020408163265,
            "mPrecision@24": 0.7089710884353742,
            "mPrecision@42": 0.6273080660835763,
            "mAP@1": 0.7959183673469388,
            "mAP@5": 0.7186564625850339,
            "mAP@10": 0.6754940071266602,
            "mAP@24": 0.6066120655291818,
            "mAP@42": 0.5131754409034126,
            "mRecall@42": 0.6369720728007247,
            "mRecall@68": 0.7883485619628401
        },
        "car_brands": {
            "mPrecision@1": 0.9693877551020408,
            "mPrecision@5": 0.9714285714285714,
            "mPrecision@10": 0.9642857142857143,
            "mPrecision@29": 0.9405348346235045,
            "mPrecision@68": 0.8389105642256903,
            "mAP@1": 0.9693877551020408,
            "mAP@5": 0.9611224489795918,
            "mAP@10": 0.9494493035309362,
            "mAP@29": 0.9182759653122918,
            "mAP@68": 0.804926998993207
        }
    },
    "SigLIP": {
        "car_models": {
            "mPrecision@1": 0.8163265306122449,
            "mPrecision@5": 0.8061224489795918,
            "mPrecision@10": 0.775,
            "mPrecision@24": 0.7242772108843538,
            "mPrecision@42": 0.6370262390670555,
            "mAP@1": 0.8163265306122449,
            "mAP@5": 0.766513605442177,
            "mAP@10": 0.7224797538062844,
            "mAP@24": 0.6498637096694819,
            "mAP@42": 0.5509311112715465,
            "mRecall@42": 0.647578371145225,
            "mRecall@68": 0.769609252861596
        },
        "car_brands": {
            "mPrecision@1": 0.9795918367346939,
            "mPrecision@5": 0.9806122448979592,
            "mPrecision@10": 0.9719387755102041,
            "mPrecision@29": 0.9463406052076002,
            "mPrecision@68": 0.8769507803121248,
            "mAP@1": 0.9795918367346939,
            "mAP@5": 0.9746938775510203,
            "mAP@10": 0.9647442905733722,
            "mAP@29": 0.9307196158574447,
            "mAP@68": 0.850885353546634
        }
    },
    "ALIGN": {
        "car_models": {
            "mPrecision@1": 0.7704081632653061,
            "mPrecision@5": 0.7428571428571429,
            "mPrecision@10": 0.7280612244897958,
            "mPrecision@24": 0.6645408163265306,
            "mPrecision@42": 0.5798104956268222,
            "mAP@1": 0.7704081632653061,
            "mAP@5": 0.6723639455782313,
            "mAP@10": 0.6354470359572401,
            "mAP@24": 0.5505890158250862,
            "mAP@42": 0.455206078541504,
            "mRecall@42": 0.5873615776453025,
            "mRecall@68": 0.7362489311486844
        },
        "car_brands": {
            "mPrecision@1": 0.9744897959183674,
            "mPrecision@5": 0.9693877551020408,
            "mPrecision@10": 0.9622448979591837,
            "mPrecision@29": 0.9313863476425054,
            "mPrecision@68": 0.8326830732292918,
            "mAP@1": 0.9744897959183674,
            "mAP@5": 0.9593537414965986,
            "mAP@10": 0.9465466067379333,
            "mAP@29": 0.9066552631794542,
            "mAP@68": 0.7940307486372934
        }
    },
    "BLIP": {
        "car_models": {
            "mPrecision@1": 0.6836734693877551,
            "mPrecision@5": 0.696938775510204,
            "mPrecision@10": 0.6612244897959183,
            "mPrecision@24": 0.5756802721088435,
            "mPrecision@42": 0.47655490767735664,
            "mAP@1": 0.6836734693877551,
            "mAP@5": 0.6246428571428572,
            "mAP@10": 0.5643942338840298,
            "mAP@24": 0.4508930957965996,
            "mAP@42": 0.3452947103235351,
            "mRecall@42": 0.4840601451799513,
            "mRecall@68": 0.6199121562210574
        },
        "car_brands": {
            "mPrecision@1": 0.9693877551020408,
            "mPrecision@5": 0.9438775510204082,
            "mPrecision@10": 0.9224489795918368,
            "mPrecision@29": 0.8601337086558761,
            "mPrecision@68": 0.7444477791116446,
            "mAP@1": 0.9693877551020408,
            "mAP@5": 0.930391156462585,
            "mAP@10": 0.8968395691609978,
            "mAP@29": 0.8153234054098347,
            "mAP@68": 0.6809837042120407
        }
    }
}