{
    "CLIP": {
        "signs": {
            "mPrecision@1": 0.13157894736842105,
            "mPrecision@5": 0.1105263157894737,
            "mPrecision@10": 0.10526315789473684,
            "mPrecision@23": 0.08895881006864989,
            "mAP@1": 0.13157894736842105,
            "mAP@5": 0.19181286549707602,
            "mAP@10": 0.18859505120274228,
            "mAP@23": 0.17445738478467862,
            "mRecall@23": 0.1623790602684926
        },
        "sign_categories": {
            "mPrecision@1": 0.5723684210526315,
            "mPrecision@5": 0.4868421052631579,
            "mPrecision@10": 0.4828947368421053,
            "mPrecision@27": 0.4371345029239766,
            "mAP@1": 0.5723684210526315,
            "mAP@5": 0.6324652777777778,
            "mAP@10": 0.6035021550652424,
            "mAP@27": 0.5470196515133949
        }
    },
    "SigLIP": {
        "signs": {
            "mPrecision@1": 0.13157894736842105,
            "mPrecision@5": 0.10263157894736842,
            "mPrecision@10": 0.09539473684210527,
            "mPrecision@23": 0.08981693363844394,
            "mAP@1": 0.13157894736842105,
            "mAP@5": 0.17385782163742688,
            "mAP@10": 0.18102076454363422,
            "mAP@23": 0.17983485046024725,
            "mRecall@23": 0.166302889652148
        },
        "sign_categories": {
            "mPrecision@1": 0.6118421052631579,
            "mPrecision@5": 0.5565789473684211,
            "mPrecision@10": 0.5407894736842106,
            "mPrecision@27": 0.5190058479532164,
            "mAP@1": 0.6118421052631579,
            "mAP@5": 0.6918859649122807,
            "mAP@10": 0.6561835682128602,
            "mAP@27": 0.6023581660900047
        }
    },
    "ALIGN": {
        "signs": {
            "mPrecision@1": 0.15789473684210525,
            "mPrecision@5": 0.12894736842105264,
            "mPrecision@10": 0.11842105263157894,
            "mPrecision@23": 0.09496567505720824,
            "mAP@1": 0.15789473684210525,
            "mAP@5": 0.19599780701754388,
            "mAP@10": 0.20099032302979672,
            "mAP@23": 0.19193548296258775,
            "mRecall@23": 0.15456757494577897
        },
        "sign_categories": {
            "mPrecision@1": 0.6052631578947368,
            "mPrecision@5": 0.5960526315789473,
            "mPrecision@10": 0.5809210526315789,
            "mPrecision@27": 0.5185185185185185,
            "mAP@1": 0.6052631578947368,
            "mAP@5": 0.6760599415204678,
            "mAP@10": 0.6624721008042593,
            "mAP@27": 0.6222425059881843
        }
    },
    "BLIP": {
        "signs": {
            "mPrecision@1": 0.09210526315789473,
            "mPrecision@5": 0.09210526315789473,
            "mPrecision@10": 0.07828947368421053,
            "mPrecision@23": 0.06321510297482837,
            "mAP@1": 0.09210526315789473,
            "mAP@5": 0.14536732456140353,
            "mAP@10": 0.1436324100181008,
            "mAP@23": 0.1298955191019353,
            "mRecall@23": 0.08248582722983672
        },
        "sign_categories": {
            "mPrecision@1": 0.4868421052631579,
            "mPrecision@5": 0.48157894736842105,
            "mPrecision@10": 0.4585526315789474,
            "mPrecision@27": 0.4303118908382066,
            "mAP@1": 0.4868421052631579,
            "mAP@5": 0.6168859649122806,
            "mAP@10": 0.5856743659330204,
            "mAP@27": 0.5193894606038364
        }
    }
}