{
    "CLIP": {
        "signs": {
            "mPrecision@1": 0.13157894736842105,
            "mPrecision@5": 0.1105263157894737,
            "mPrecision@10": 0.10526315789473684,
            "mPrecision@23": 0.08895881006864989,
            "mAP@1": 0.13157894736842105,
            "mAP@5": 0.08212719298245615,
            "mAP@10": 0.06738486842105262,
            "mAP@23": 0.04826175318777021,
            "mRecall@23": 0.1623790602684926
        },
        "sign_categories": {
            "mPrecision@1": 0.5723684210526315,
            "mPrecision@5": 0.4868421052631579,
            "mPrecision@10": 0.4828947368421053,
            "mPrecision@27": 0.4371345029239766,
            "mAP@1": 0.5723684210526315,
            "mAP@5": 0.42504385964912283,
            "mAP@10": 0.3867060881370092,
            "mAP@27": 0.3145186594600357
        }
    },
    "SigLIP": {
        "signs": {
            "mPrecision@1": 0.13157894736842105,
            "mPrecision@5": 0.10263157894736842,
            "mPrecision@10": 0.09539473684210527,
            "mPrecision@23": 0.08981693363844394,
            "mAP@1": 0.13157894736842105,
            "mAP@5": 0.07703947368421053,
            "mAP@10": 0.06164813074352547,
            "mAP@23": 0.04579902581077385,
            "mRecall@23": 0.166302889652148
        },
        "sign_categories": {
            "mPrecision@1": 0.6118421052631579,
            "mPrecision@5": 0.5565789473684211,
            "mPrecision@10": 0.5407894736842106,
            "mPrecision@27": 0.5190058479532164,
            "mAP@1": 0.6118421052631579,
            "mAP@5": 0.4885745614035088,
            "mAP@10": 0.4434200083542189,
            "mAP@27": 0.39321887394544214
        }
    },
    "ALIGN": {
        "signs": {
            "mPrecision@1": 0.15789473684210525,
            "mPrecision@5": 0.12894736842105264,
            "mPrecision@10": 0.11842105263157894,
            "mPrecision@23": 0.09496567505720824,
            "mAP@1": 0.15789473684210525,
            "mAP@5": 0.10434210526315789,
            "mAP@10": 0.08462928153717626,
            "mAP@23": 0.059204221393582356,
            "mRecall@23": 0.15456757494577897
        },
        "sign_categories": {
            "mPrecision@1": 0.6052631578947368,
            "mPrecision@5": 0.5960526315789473,
            "mPrecision@10": 0.5809210526315789,
            "mPrecision@27": 0.5185185185185185,
            "mAP@1": 0.6052631578947368,
            "mAP@5": 0.5271929824561404,
            "mAP@10": 0.49745091896407684,
            "mAP@27": 0.41637839902244567
        }
    },
    "BLIP": {
        "signs": {
            "mPrecision@1": 0.09210526315789473,
            "mPrecision@5": 0.09210526315789473,
            "mPrecision@10": 0.07828947368421053,
            "mPrecision@23": 0.06321510297482837,
            "mAP@1": 0.09210526315789473,
            "mAP@5": 0.0668859649122807,
            "mAP@10": 0.05156015037593985,
            "mAP@23": 0.036118360876732314,
            "mRecall@23": 0.08248582722983672
        },
        "sign_categories": {
            "mPrecision@1": 0.4868421052631579,
            "mPrecision@5": 0.48157894736842105,
            "mPrecision@10": 0.4585526315789474,
            "mPrecision@27": 0.4303118908382066,
            "mAP@1": 0.4868421052631579,
            "mAP@5": 0.39809210526315786,
            "mAP@10": 0.35564588554720133,
            "mAP@27": 0.3046623318580784
        }
    }
}